order_id,order_date,region,channel,customer_type,category,product,units_sold,unit_price,unit_cost,discount_pct,returned,net_sales,profit
10319,2026-01-04,Irbid,Retail,New,Electronics,Wireless Earbuds,3,54.44,28.78,10.0,No,146.99,60.65
10273,2026-04-18,Zarqa,Online,New,Home,Air Fryer,6,114.91,73.66,25.0,No,517.1,75.14
10256,2026-01-23,Irbid,Online,Returning,Accessories,USB-C Cable,6,12.03,2.96,25.0,No,54.13,36.37
10526,2026-01-20,Amman,Online,Returning,Home,Coffee Maker,2,86.31,47.24,5.0,No,163.99,69.51
10446,2026-02-09,Zarqa,Retail,Returning,Electronics,Wireless Earbuds,1,55.4,28.75,20.0,No,44.32,15.57
10486,2026-02-08,Irbid,Online,New,Electronics,Smart Watch,4,98.11,51.61,0.0,No,392.44,186.0
10188,2026-05-25,Amman,Online,Returning,Home,Air Fryer,3,114.76,70.76,15.0,No,292.64,80.36
10500,2026-05-04,Irbid,Online,New,Accessories,Phone Case,5,17.93,6.3,20.0,No,71.72,40.22
10062,2026-06-16,Zarqa,Wholesale,Returning,Accessories,USB-C Cable,6,11.97,2.96,10.0,No,64.64,46.88
10170,2026-03-28,Zarqa,Wholesale,Returning,Electronics,Power Bank,6,36.3,18.17,15.0,No,185.13,76.11
10559,2026-06-20,Aqaba,Online,New,Home,Coffee Maker,1,85.27,48.35,15.0,No,72.48,24.13
10312,2026-05-22,Amman,Retail,Returning,Electronics,Wireless Earbuds,1,56.42,29.39,20.0,No,45.14,15.75
10243,2026-01-23,Irbid,Online,Returning,Accessories,Backpack,3,46.08,21.72,25.0,No,103.68,38.52
10538,2026-03-16,Irbid,Retail,New,Home,Blender,1,59.08,33.93,15.0,No,50.22,16.29
10399,2026-04-20,Aqaba,Wholesale,Returning,Accessories,Backpack,11,44.19,22.52,10.0,No,437.48,189.76
10072,2026-04-08,Aqaba,Wholesale,New,Accessories,Phone Case,4,17.6,6.2,0.0,No,70.4,45.6
10551,2026-01-22,Amman,Retail,New,Home,Coffee Maker,3,83.2,47.37,20.0,No,199.68,57.57
10043,2026-05-02,,Online,New,Electronics,Wireless Earbuds,6,56.16,28.68,15.0,No,286.42,114.34
10223,2026-04-01,Irbid,Online,Returning,Electronics,Smart Watch,2,94.23,54.99,15.0,No,160.19,50.21
10609,2026-03-07,Aqaba,Wholesale,Returning,Electronics,Power Bank,6,34.72,17.85,20.0,No,166.66,59.56
10443,2026-06-07,Amman,Online,Returning,Electronics,Smart Watch,5,96.6,54.34,15.0,No,410.55,138.85
10398,2026-03-12,Zarqa,Retail,Returning,Accessories,Backpack,3,45.8,22.05,20.0,No,109.92,43.77
10424,2026-04-30,Amman,Wholesale,New,Home,Coffee Maker,7,85.08,47.85,15.0,No,506.23,171.28
10131,2026-03-30,Amman,Retail,New,Home,Air Fryer,1,115.06,75.02,0.0,Yes,13.81,-61.21
10163,2026-01-16,Amman,Online,Returning,Electronics,Wireless Earbuds,5,56.95,29.63,10.0,No,256.28,108.13
10630,2026-04-19,Zarqa,Online,New,Accessories,USB-C Cable,1,12.2,3.15,10.0,No,10.98,7.83
10156,2026-04-05,Amman,Wholesale,New,Electronics,Power Bank,8,35.55,18.89,0.0,No,284.4,133.28
10581,2026-01-05,Zarqa,Retail,New,Accessories,USB-C Cable,3,11.9,3.04,15.0,No,30.35,21.23
10105,2026-05-15,Zarqa,Online,New,Home,Coffee Maker,3,86.82,48.18,25.0,No,195.34,50.8
10607,2026-03-10,Irbid,Retail,Returning,Electronics,Wireless Earbuds,5,56.25,28.91,20.0,No,225.0,80.45
10634,2026-05-17,Irbid,Wholesale,Returning,Electronics,Wireless Earbuds,6,54.99,29.21,10.0,No,296.95,121.69
10233,2026-01-19,Amman,Online,Returning,Accessories,Phone Case,2,17.53,6.33,0.0,No,35.06,22.4
10496,2026-04-09,Amman,Retail,New,Accessories,Backpack,3,44.02,22.46,5.0,No,125.46,58.08
10329,2026-06-07,Amman,Online,Returning,Home,Coffee Maker,2,86.31,50.76,30.0,Yes,14.5,-87.02
10278,2026-03-04,Irbid,Retail,Returning,Home,Coffee Maker,5,86.06,47.43,10.0,No,387.27,150.12
10171,2026-04-30,Irbid,Retail,Returning,Home,Air Fryer,3,117.55,71.32,5.0,No,335.02,121.06
10606,2026-03-02,Zarqa,Wholesale,New,Accessories,Backpack,9,46.39,22.59,0.0,No,417.51,214.2
10501,2026-03-26,Amman,Online,Returning,Electronics,Power Bank,1,35.85,18.41,5.0,Yes,4.09,-14.32
10327,2026-02-19,Amman,Retail,New,Home,Air Fryer,4,111.75,75.98,5.0,No,424.65,120.73
10591,2026-04-27,Amman,Wholesale,New,Electronics,Wireless Earbuds,7,54.29,29.6,10.0,No,342.03,134.83
10069,2026-04-28,Irbid,Wholesale,Returning,Accessories,USB-C Cable,8,12.26,3.05,0.0,No,98.08,73.68
10565,2026-02-27,Irbid,Retail,New,Electronics,Wireless Earbuds,3,56.48,29.49,5.0,No,160.97,72.5
10127,2026-04-17,Amman,Wholesale,Returning,Accessories,Phone Case,5,17.68,6.08,20.0,No,70.72,40.32
10480,2026-01-03,Zarqa,Online,Returning,Home,Blender,2,58.34,35.31,25.0,No,87.51,16.89
10433,2026-05-01,Amman,Retail,,Accessories,Backpack,3,45.0,22.05,5.0,No,128.25,62.1
10274,2026-03-05,Amman,Retail,New,Electronics,Wireless Earbuds,6,54.11,29.15,0.0,No,324.66,149.76
10124,2026-05-19,Zarqa,Online,New,Home,Air Fryer,4,118.12,75.52,15.0,No,401.61,99.53
10017,2026-03-21,Zarqa,Online,New,Accessories,USB-C Cable,6,12.01,2.95,10.0,No,64.85,47.15
10066,2026-03-03,Aqaba,Retail,Returning,Home,Blender,3,60.43,33.61,10.0,No,163.16,62.33
10013,2026-05-23,Amman,Online,Returning,Home,Air Fryer,1,116.21,71.58,10.0,No,104.59,33.01
10557,2026-03-29,Amman,Online,Returning,Electronics,Smart Watch,5,98.0,51.47,10.0,No,441.0,183.65
10509,2026-04-29,Zarqa,Retail,New,Home,Blender,6,61.46,33.62,5.0,No,350.32,148.6
10181,2026-03-04,Amman,Wholesale,New,Electronics,Wireless Earbuds,8,54.03,29.26,0.0,No,432.24,198.16
10195,2026-02-15,Amman,Retail,Returning,Accessories,Backpack,6,44.34,22.81,0.0,No,266.04,129.18
10337,2026-06-29,Amman,Retail,New,Electronics,Smart Watch,2,97.6,53.68,10.0,No,175.68,68.32
10094,2026-01-10,Amman,Retail,New,Accessories,Phone Case,6,18.23,6.15,5.0,No,103.91,67.01
10364,2026-01-16,Amman,Online,New,Electronics,Wireless Earbuds,4,56.39,28.76,15.0,No,191.73,76.69
10157,2026-06-26,Amman,Online,New,Electronics,Smart Watch,4,92.42,53.9,30.0,No,258.78,43.18
10641,2026-05-30,Amman,Online,Returning,Electronics,Wireless Earbuds,1,54.46,27.89,15.0,No,46.29,18.4
10504,2026-05-26,Amman,Online,New,Accessories,Phone Case,3,18.61,5.93,15.0,No,47.46,29.67
10533,2026-06-30,Irbid,Online,New,Home,Blender,5,61.01,34.41,25.0,No,228.79,56.74
10160,2026-01-12,Aqaba,Online,Returning,Electronics,Smart Watch,5,98.64,54.46,20.0,No,394.56,122.26
10324,2026-05-19,Irbid,Wholesale,Returning,Accessories,USB-C Cable,5,11.99,3.07,10.0,No,53.96,38.61
10412,2026-03-23,Zarqa,Retail,New,Electronics,Smart Watch,1,96.13,52.69,25.0,No,72.1,19.41
10397,2026-03-08,Irbid,Retail,Returning,Electronics,Smart Watch,3,94.9,53.33,20.0,Yes,27.33,-132.66
10150,2026-03-02,Irbid,Retail,Returning,Accessories,Backpack,3,44.69,23.11,15.0,No,113.96,44.63
10040,2026-06-18,Amman,Retail,New,Accessories,USB-C Cable,4,12.11,3.08,0.0,No,48.44,36.12
10394,2026-02-22,Amman,Wholesale,Returning,Home,Air Fryer,8,116.0,73.05,10.0,No,835.2,250.8
10470,2026-04-03,Irbid,Retail,New,Electronics,Wireless Earbuds,4,54.82,28.5,0.0,No,219.28,105.28
10395,2026-04-10,Aqaba,Wholesale,Returning,Electronics,Power Bank,6,35.33,18.65,20.0,No,169.58,57.68
10402,2026-02-11,Irbid,Retail,Returning,Electronics,Power Bank,3,35.1,18.33,5.0,No,100.04,45.05
10302,2026-02-10,Zarqa,Retail,Returning,Home,Coffee Maker,1,85.23,49.4,10.0,No,76.71,27.31
10005,2026-03-25,Amman,Online,Returning,Electronics,Smart Watch,6,96.81,52.26,20.0,No,464.69,151.13
10468,2026-05-07,Irbid,Wholesale,New,Accessories,USB-C Cable,8,12.08,3.06,0.0,No,96.64,72.16
10377,2026-02-22,Amman,Online,Returning,Accessories,Phone Case,5,18.22,6.29,20.0,No,72.88,41.43
10174,2026-02-01,Amman,Online,Returning,Accessories,Phone Case,5,18.07,6.26,0.0,No,90.35,59.05
10529,2026-05-01,Irbid,Wholesale,New,Home,Blender,10,61.08,35.81,0.0,No,610.8,252.7
10579,2026-03-04,Irbid,Wholesale,Returning,Accessories,Phone Case,6,18.5,6.1,10.0,No,99.9,63.3
10259,2026-02-09,Irbid,Online,New,Home,Air Fryer,6,113.16,72.24,15.0,No,577.12,143.68
10552,2026-05-13,Amman,Retail,New,Home,Air Fryer,2,118.68,72.12,10.0,No,213.62,69.38
10625,2026-02-25,Zarqa,Wholesale,New,Electronics,Wireless Earbuds,5,55.63,27.67,15.0,No,236.43,98.08
10078,2026-03-31,Amman,Retail,New,Home,Air Fryer,3,117.6,73.68,25.0,No,264.6,43.56
10534,2026-02-12,Irbid,Wholesale,Returning,Home,Air Fryer,8,112.63,72.27,5.0,No,855.99,277.83
10056,2026-02-27,Zarqa,Retail,Returning,Home,Coffee Maker,4,87.14,49.15,5.0,No,331.13,134.53
10357,2026-02-24,Zarqa,Retail,Returning,Electronics,Smart Watch,6,92.16,53.45,0.0,No,552.96,232.26
10440,2026-02-16,Amman,Online,Returning,Home,Coffee Maker,3,88.12,47.12,0.0,No,264.36,123.0
10461,2026-03-18,Aqaba,Retail,New,Accessories,Phone Case,3,18.45,6.02,0.0,No,55.35,37.29
10572,2026-02-25,,Wholesale,New,Home,Coffee Maker,9,83.88,47.62,15.0,No,641.68,213.1
10120,2026-02-20,Aqaba,Online,Returning,Accessories,Backpack,4,45.57,22.01,25.0,No,136.71,48.67
10427,2026-02-12,Aqaba,Online,New,Electronics,Smart Watch,2,97.4,53.09,0.0,No,194.8,88.62
10348,2026-03-21,Amman,Online,Returning,Electronics,Wireless Earbuds,3,57.06,29.27,0.0,No,171.18,83.37
10129,2026-06-30,Amman,Online,Returning,Electronics,Smart Watch,1,97.39,54.42,20.0,No,77.91,23.49
10014,2026-03-24,Irbid,Retail,Returning,Electronics,Power Bank,4,35.54,17.76,10.0,No,127.94,56.9
10520,2026-06-08,Irbid,Online,Returning,Home,Coffee Maker,1,87.51,50.81,25.0,No,65.63,14.82
10458,2026-05-20,Zarqa,Online,New,Home,Coffee Maker,4,87.34,48.74,25.0,No,262.02,67.06
10090,2026-02-23,Amman,Online,New,Electronics,Smart Watch,6,92.28,51.65,5.0,No,526.0,216.1
10245,2026-06-04,Amman,Online,New,Electronics,Wireless Earbuds,6,56.79,28.39,25.0,No,255.56,85.22
10632,2026-03-07,Amman,Online,Returning,Electronics,Wireless Earbuds,1,55.28,29.37,0.0,No,55.28,25.91
10111,2026-01-01,Zarqa,Online,New,Electronics,Power Bank,4,36.37,18.82,0.0,No,145.48,70.2
10291,2026-05-12,Zarqa,Wholesale,New,Electronics,Wireless Earbuds,8,56.53,28.66,15.0,No,384.4,155.12
10479,2026-03-06,Amman,Wholesale,Returning,Home,Air Fryer,5,112.78,71.82,5.0,No,535.7,176.6
10610,2026-05-22,Amman,Retail,Returning,Home,Air Fryer,5,117.36,71.81,5.0,No,557.46,198.41
10313,2026-04-06,Zarqa,Retail,Returning,Accessories,Backpack,4,43.88,23.22,5.0,No,166.74,73.86
10294,2026-06-06,Amman,Wholesale,New,Electronics,Smart Watch,6,98.47,52.67,25.0,No,443.11,127.09
10524,2026-03-19,Zarqa,Online,New,Electronics,Power Bank,4,35.3,18.28,0.0,No,141.2,68.08
10097,2026-05-04,Irbid,Wholesale,New,Electronics,Smart Watch,6,97.99,52.54,15.0,No,499.75,184.51
10217,2026-04-10,Aqaba,Retail,New,Electronics,Smart Watch,6,96.97,53.45,15.0,No,494.55,173.85
10277,2026-04-17,Amman,Online,Returning,Home,Blender,3,59.9,34.91,15.0,No,152.74,48.01
10200,2026-04-15,Amman,Online,New,Electronics,Smart Watch,1,98.73,51.27,5.0,No,93.79,42.52
10147,2026-03-01,Zarqa,Online,New,Electronics,Wireless Earbuds,3,53.99,29.06,0.0,No,161.97,74.79
10482,2026-04-08,Irbid,Online,Returning,Electronics,Power Bank,1,34.78,17.86,10.0,No,31.3,13.44
10488,2026-01-12,Amman,Retail,Returning,Electronics,Power Bank,5,35.7,19.08,10.0,No,160.65,65.25
10244,2026-01-18,Amman,Retail,Returning,Accessories,Phone Case,4,17.58,6.01,20.0,No,56.26,32.22
10600,2026-06-21,Amman,Retail,Returning,Electronics,Smart Watch,6,94.36,52.83,10.0,No,509.54,192.56
10477,2026-06-01,Amman,Online,New,Electronics,Wireless Earbuds,5,56.22,29.12,5.0,No,267.04,121.45
10307,2026-03-12,Amman,Online,Returning,Accessories,Phone Case,6,17.77,5.95,5.0,No,101.29,65.59
10562,2026-04-11,Zarqa,Retail,Returning,Accessories,Phone Case,4,18.39,5.99,5.0,No,69.88,45.92
10447,2026-05-08,Zarqa,Online,New,Electronics,Wireless Earbuds,2,53.63,27.86,15.0,No,91.17,35.45
10472,2026-02-15,Amman,Wholesale,New,Accessories,Backpack,5,44.53,23.07,10.0,No,200.39,85.04
10114,2026-03-13,Amman,Online,Returning,Home,Air Fryer,3,114.12,74.74,20.0,No,273.89,49.67
10453,2026-03-27,Aqaba,Online,New,Accessories,USB-C Cable,6,11.65,2.96,5.0,No,66.41,48.65
10058,2026-06-10,Amman,Wholesale,Returning,Electronics,Wireless Earbuds,3,53.56,28.07,20.0,No,128.54,44.33
10110,2026-03-20,Aqaba,Online,,Accessories,USB-C Cable,2,11.67,2.97,5.0,No,22.17,16.23
10569,2026-01-31,Irbid,Online,New,Home,Coffee Maker,4,86.77,47.8,5.0,No,329.73,138.53
10143,2026-01-21,Irbid,Retail,Returning,Home,Blender,1,59.56,35.9,10.0,No,53.6,17.7
10442,2026-06-26,Amman,Online,Returning,Home,Air Fryer,4,116.54,72.35,20.0,No,372.93,83.53
10028,2026-04-25,Amman,Online,Returning,Accessories,Phone Case,2,18.22,6.3,10.0,No,32.8,20.2
10148,2026-06-06,Zarqa,Retail,New,Electronics,Smart Watch,4,96.12,53.74,20.0,Yes,36.91,-178.05
10406,2026-02-25,Amman,Online,Returning,Home,Blender,2,58.51,35.4,15.0,No,99.47,28.67
10621,2026-01-26,Amman,Retail,New,Accessories,Phone Case,3,18.65,5.98,0.0,No,55.95,38.01
10235,2026-05-12,Amman,Online,Returning,Accessories,Phone Case,6,17.69,6.02,20.0,Yes,10.19,-25.93
10619,2026-05-01,Amman,Retail,Returning,Home,Air Fryer,6,115.82,71.59,25.0,No,521.19,91.65
10036,2026-01-30,Amman,Online,New,Home,Blender,5,61.08,34.13,5.0,No,290.13,119.48
10167,2026-05-27,Irbid,Online,Returning,Electronics,Power Bank,5,35.22,18.37,5.0,No,167.3,75.44
10361,2026-04-24,Amman,Retail,New,Accessories,USB-C Cable,1,12.25,3.15,0.0,No,12.25,9.1
10432,2026-01-14,Amman,Online,New,Electronics,Power Bank,3,36.24,18.79,15.0,No,92.41,36.04
10024,2026-03-20,Amman,Online,New,Electronics,Smart Watch,1,95.52,53.85,0.0,No,95.52,41.67
10543,2026-03-22,Zarqa,Online,Returning,Accessories,USB-C Cable,6,12.45,3.15,10.0,No,67.23,48.33
10363,2026-04-15,Amman,Wholesale,Returning,Electronics,Wireless Earbuds,7,55.85,29.52,20.0,No,312.76,106.12
10197,2026-04-08,Irbid,Retail,Returning,Electronics,Power Bank,2,35.86,17.99,10.0,No,64.55,28.57
10280,2026-04-18,Zarqa,Online,Returning,Accessories,Phone Case,6,17.92,5.9,20.0,No,86.02,50.62
10015,2026-05-23,Zarqa,Online,New,Electronics,Wireless Earbuds,5,56.91,28.74,15.0,No,241.87,98.17
10407,2026-04-24,Irbid,Wholesale,Returning,Home,Blender,9,61.47,34.12,10.0,No,497.91,190.83
10400,2026-04-06,Irbid,Online,New,Home,Air Fryer,5,112.79,75.38,15.0,No,479.36,102.46
10450,2026-06-29,Irbid,Online,New,Home,Blender,1,60.01,33.71,15.0,No,51.01,17.3
10503,2026-04-22,Amman,Online,New,Accessories,USB-C Cable,2,11.95,3.08,30.0,No,16.73,10.57
10510,2026-05-19,Zarqa,Wholesale,Returning,Home,Air Fryer,7,114.43,73.32,5.0,No,760.96,247.72
10637,2026-04-20,Irbid,Online,Returning,Electronics,Wireless Earbuds,3,56.57,28.8,10.0,No,152.74,66.34
10339,2026-01-19,Zarqa,Online,Returning,Home,Coffee Maker,5,84.29,49.15,20.0,No,337.16,91.41
10549,2026-03-14,Zarqa,Online,Returning,Home,Coffee Maker,5,87.37,47.32,5.0,Yes,49.8,-186.8
10038,2026-05-19,Amman,Retail,New,Home,Coffee Maker,4,83.24,49.4,20.0,No,266.37,68.77
10044,2026-03-07,Amman,Online,Returning,Accessories,Phone Case,1,17.61,6.29,25.0,No,13.21,6.92
10261,2026-01-08,Aqaba,Retail,Returning,Electronics,Power Bank,3,34.75,18.39,10.0,No,93.83,38.66
10527,2026-01-12,Amman,Online,New,Accessories,Backpack,1,43.77,22.04,10.0,No,39.39,17.35
10475,2026-04-21,Amman,Retail,Returning,Home,Air Fryer,6,112.39,71.33,20.0,Yes,64.74,-363.24
10224,2026-06-03,Amman,Online,New,Accessories,Backpack,3,44.33,23.07,30.0,No,93.09,23.88
10507,2026-01-09,Aqaba,Online,New,Home,Coffee Maker,1,88.35,47.94,15.0,No,75.1,27.16
10267,2026-05-14,Zarqa,Online,Returning,Electronics,Power Bank,6,34.32,18.84,20.0,Yes,19.77,-93.27
10418,2026-05-24,Irbid,Online,Returning,Accessories,Backpack,3,44.75,23.24,5.0,No,127.54,57.82
10426,2026-02-15,Zarqa,Online,Returning,Home,Coffee Maker,3,84.01,48.11,5.0,No,239.43,95.1
10383,2026-01-01,Amman,Wholesale,New,Accessories,USB-C Cable,7,11.65,3.16,10.0,No,73.39,51.27
10570,2026-06-05,Zarqa,Retail,Returning,Home,Air Fryer,4,118.63,74.19,20.0,No,379.62,82.86
10103,2026-04-05,Zarqa,Retail,New,Electronics,Power Bank,2,35.82,18.9,5.0,No,68.06,30.26
10539,2026-03-08,Amman,Online,Returning,Electronics,Power Bank,4,34.22,17.92,20.0,No,109.5,37.82
10347,2026-02-05,Amman,Online,Returning,Electronics,Smart Watch,5,98.02,52.52,5.0,No,465.59,202.99
10021,2026-02-16,Irbid,Retail,Returning,Electronics,Power Bank,6,34.72,18.75,10.0,No,187.49,74.99
10360,2026-04-30,Irbid,Wholesale,Returning,Accessories,Backpack,5,44.8,21.57,20.0,No,179.2,71.35
10544,2026-05-09,Amman,Retail,Returning,Accessories,Backpack,5,46.66,22.12,5.0,No,221.63,111.03
10297,2026-03-05,Aqaba,Online,Returning,Accessories,Phone Case,6,18.17,6.04,10.0,No,98.12,61.88
10053,2026-06-27,Amman,Wholesale,New,Home,Blender,8,62.15,33.72,15.0,No,422.62,152.86
10179,2026-03-31,Amman,Online,Returning,Electronics,Wireless Earbuds,6,56.71,29.43,25.0,No,255.19,78.62
10092,2026-01-11,Zarqa,Wholesale,New,Electronics,Smart Watch,8,96.04,51.49,25.0,No,576.24,164.32
10117,2026-05-10,Irbid,Online,Returning,Home,Blender,1,59.96,35.08,20.0,No,47.97,12.89
10379,2026-02-19,Zarqa,Wholesale,New,Accessories,USB-C Cable,6,11.77,2.96,20.0,No,56.5,38.74
10620,2026-02-01,Amman,Online,Returning,Home,Coffee Maker,1,86.85,47.25,0.0,No,86.85,39.6
10265,2026-04-16,Irbid,Wholesale,New,Home,Coffee Maker,8,82.86,49.84,0.0,No,662.88,264.16
10439,2026-03-21,Amman,Wholesale,New,Electronics,Power Bank,6,35.09,18.17,15.0,No,178.96,69.94
10499,2026-01-28,Zarqa,Retail,New,Home,Air Fryer,3,117.64,71.46,0.0,No,352.92,138.54
10596,2026-05-07,Amman,Online,New,Accessories,Phone Case,1,18.22,6.08,25.0,No,13.66,7.58
10173,2026-03-01,Irbid,Retail,Returning,Home,Air Fryer,6,115.4,71.41,5.0,No,657.78,229.32
10365,2026-03-05,Irbid,Online,New,Accessories,Phone Case,2,17.81,6.27,5.0,No,33.84,21.3
10636,2026-03-16,Irbid,Wholesale,Returning,Electronics,Wireless Earbuds,7,55.65,28.4,0.0,No,389.55,190.75
10495,2026-04-04,Zarqa,Retail,New,Electronics,Power Bank,5,36.35,18.71,15.0,No,154.49,60.94
10616,2026-01-27,Aqaba,Retail,Returning,Electronics,Power Bank,5,35.42,18.15,20.0,No,141.68,50.93
10604,2026-05-19,Amman,Retail,Returning,Electronics,Power Bank,3,34.31,18.51,0.0,No,102.93,47.4
10462,2026-04-17,Aqaba,Online,New,Home,Blender,4,58.32,34.43,15.0,No,198.29,60.57
10393,2026-01-15,Amman,Retail,New,Accessories,Phone Case,3,18.46,6.18,15.0,No,47.07,28.53
10070,2026-06-24,Aqaba,Wholesale,New,Home,Coffee Maker,9,84.51,47.52,15.0,No,646.5,218.82
10216,2026-01-12,Amman,Retail,Returning,Accessories,Backpack,3,46.18,23.13,0.0,Yes,16.62,-52.77
10438,2026-06-03,Zarqa,Online,Returning,Home,Blender,1,60.17,33.4,20.0,No,48.14,14.74
10381,2026-01-05,Zarqa,Online,Returning,Electronics,Power Bank,6,35.58,18.1,15.0,No,181.46,72.86
10083,2026-01-07,Amman,Online,Returning,Accessories,Phone Case,2,17.6,6.06,0.0,No,35.2,23.08
10089,2026-04-23,Aqaba,Online,Returning,Accessories,USB-C Cable,6,11.91,3.13,15.0,No,60.74,41.96
10210,2026-01-28,Aqaba,Retail,Returning,Electronics,Power Bank,3,34.5,18.05,25.0,No,77.62,23.47
10187,2026-01-24,Amman,Online,New,Electronics,Smart Watch,2,97.49,52.07,20.0,No,155.98,51.84
10071,2026-04-02,Zarqa,Wholesale,Returning,Accessories,Backpack,7,46.15,21.71,10.0,No,290.75,138.78
10293,2026-01-05,Amman,Online,New,Electronics,Smart Watch,3,97.25,54.68,10.0,No,262.57,98.53
10513,2026-02-11,Amman,Online,Returning,Electronics,Power Bank,6,34.96,18.75,0.0,No,209.76,97.26
10047,2026-01-08,Aqaba,Retail,Returning,Electronics,Wireless Earbuds,4,53.46,27.98,20.0,No,171.07,59.15
10262,2026-02-22,Irbid,Wholesale,New,Home,Coffee Maker,6,84.55,48.14,0.0,No,507.3,218.46
10367,2026-02-05,Zarqa,Online,New,Electronics,Wireless Earbuds,1,54.45,28.24,25.0,No,40.84,12.6
10414,2026-04-07,Amman,Retail,New,Electronics,Power Bank,3,36.05,18.07,5.0,No,102.74,48.53
10225,2026-02-06,Amman,Retail,Returning,Accessories,Phone Case,1,18.7,5.95,15.0,No,15.89,9.95
10255,2026-03-08,Amman,Online,Returning,Accessories,USB-C Cable,5,12.13,3.17,5.0,No,57.62,41.77
10422,2026-05-18,Irbid,Retail,Returning,Home,Coffee Maker,3,85.51,50.31,15.0,No,218.05,67.12
10169,2026-04-21,Aqaba,Online,Returning,Electronics,Wireless Earbuds,2,55.85,29.19,10.0,No,100.53,42.15
10416,2026-01-29,Irbid,Retail,New,Electronics,Power Bank,3,34.27,18.19,5.0,No,97.67,43.1
10376,2026-01-22,Aqaba,Retail,Returning,Accessories,USB-C Cable,3,12.26,2.96,0.0,No,36.78,27.9
10007,2026-05-22,Irbid,Retail,Returning,Home,Coffee Maker,4,83.13,49.61,0.0,No,332.52,134.08
10026,2026-06-26,Zarqa,Retail,Returning,Electronics,Power Bank,4,34.01,18.44,20.0,No,108.83,35.07
10099,2026-01-19,Amman,Retail,New,Electronics,Smart Watch,6,96.93,54.65,5.0,No,552.5,224.6
10133,2026-06-05,Amman,Retail,New,Electronics,Power Bank,5,35.79,18.31,10.0,No,161.06,69.51
10067,2026-06-30,Zarqa,Online,New,Accessories,USB-C Cable,2,12.02,3.01,10.0,No,21.64,15.62
10577,2026-06-28,Irbid,Online,Returning,Home,Blender,3,59.94,35.45,10.0,No,161.84,55.49
10205,2026-04-12,Amman,Online,New,Accessories,Backpack,3,45.99,21.98,10.0,No,124.17,58.23
10030,2026-06-02,Amman,Online,Returning,Accessories,Phone Case,3,17.64,6.32,25.0,No,39.69,20.73
10023,2026-06-19,Amman,Retail,Returning,Electronics,Wireless Earbuds,2,56.34,29.62,5.0,No,107.05,47.81
10321,2026-02-14,Irbid,Retail,New,Electronics,Smart Watch,6,97.65,53.8,10.0,No,527.31,204.51
10618,2026-05-31,Irbid,Retail,Returning,Electronics,Power Bank,6,35.98,18.15,5.0,No,205.09,96.19
10583,2026-03-01,Irbid,Retail,New,Home,Air Fryer,2,118.33,74.14,5.0,No,224.83,76.55
10059,2026-01-14,Amman,Online,Returning,Accessories,USB-C Cable,1,12.36,3.03,20.0,No,9.89,6.86
10109,2026-03-01,Zarqa,Retail,Returning,Home,Air Fryer,5,112.56,76.04,0.0,No,562.8,182.6
10372,2026-04-11,Zarqa,Retail,New,Accessories,Phone Case,6,17.5,6.01,15.0,No,89.25,53.19
10214,2026-04-02,Amman,Online,New,Home,Air Fryer,6,117.66,73.75,15.0,Yes,72.01,-370.49
10318,2026-03-05,Amman,Retail,New,Electronics,Power Bank,2,35.74,17.9,5.0,No,67.91,32.11
10220,2026-05-21,Zarqa,Online,New,Accessories,Phone Case,2,17.68,6.28,15.0,No,30.06,17.5
10519,2026-02-08,Zarqa,Retail,New,Electronics,Wireless Earbuds,1,54.75,29.34,0.0,No,54.75,25.41
10374,2026-05-12,Zarqa,Retail,Returning,Home,Coffee Maker,3,85.3,47.14,10.0,No,230.31,88.89
10153,2026-03-09,Aqaba,Retail,Returning,Accessories,USB-C Cable,3,11.74,3.13,10.0,No,31.7,22.31
10405,2026-02-28,Irbid,Retail,Returning,Accessories,Phone Case,2,17.64,6.03,15.0,No,29.99,17.93
10041,2026-04-22,Zarqa,Retail,Returning,Home,Air Fryer,3,119.05,71.25,10.0,No,321.44,107.69
10116,2026-04-16,Amman,Wholesale,Returning,Electronics,Wireless Earbuds,7,55.89,28.12,10.0,No,352.11,155.27
10165,2026-05-25,Irbid,Retail,Returning,Electronics,Smart Watch,4,92.75,51.9,5.0,No,352.45,144.85
10629,2026-06-01,Amman,Wholesale,Returning,Electronics,Wireless Earbuds,7,54.47,29.62,10.0,No,343.16,135.82
10370,2026-03-30,Zarqa,Online,New,Electronics,Smart Watch,5,95.32,52.37,0.0,No,476.6,214.75
10128,2026-02-14,Irbid,Retail,Returning,Home,Air Fryer,1,112.32,74.75,10.0,No,101.09,26.34
10276,2026-06-09,Amman,Retail,Returning,Home,Coffee Maker,1,85.05,49.94,15.0,No,72.29,22.35
10548,2026-03-23,Zarqa,Retail,New,Electronics,Power Bank,2,34.96,18.77,0.0,No,69.92,32.38
10352,2026-06-19,Amman,Wholesale,Returning,Accessories,USB-C Cable,6,11.92,3.1,15.0,No,60.79,42.19
10046,2026-02-27,Amman,Wholesale,Returning,Home,Blender,6,61.89,34.09,25.0,No,278.5,73.96
10537,2026-05-19,Irbid,Online,Returning,Home,Blender,5,59.64,33.96,15.0,No,253.47,83.67
10384,2026-02-23,Amman,Wholesale,Returning,Accessories,USB-C Cable,8,12.22,3.07,5.0,No,92.87,68.31
10341,2026-01-18,Amman,Retail,Returning,Home,Air Fryer,1,117.59,72.25,0.0,No,117.59,45.34
10172,2026-03-09,Irbid,Wholesale,New,Home,Coffee Maker,6,83.37,47.8,25.0,No,375.17,88.37
10052,2026-03-25,Amman,Online,New,Accessories,Backpack,3,46.12,22.68,10.0,No,124.52,56.48
10441,2026-03-06,Aqaba,Retail,Returning,Accessories,Backpack,2,46.76,23.05,0.0,No,93.52,47.42
10505,2026-01-08,Amman,Retail,Returning,Accessories,Backpack,1,46.72,22.71,20.0,No,37.38,14.67
10266,2026-01-13,Irbid,Online,Returning,Accessories,Backpack,6,43.72,21.66,0.0,No,262.32,132.36
10284,2026-06-02,Aqaba,Wholesale,Returning,Electronics,Wireless Earbuds,9,54.97,27.71,10.0,No,445.26,195.87
10010,2026-04-02,Zarqa,Online,Returning,Accessories,Phone Case,2,18.37,6.1,5.0,No,34.9,22.7
10563,2026-05-06,Amman,Online,Returning,Home,Air Fryer,2,112.83,71.48,15.0,No,191.81,48.85
10428,2026-02-15,Zarqa,Retail,Returning,Home,Blender,6,61.63,35.48,15.0,No,314.31,101.43
10633,2026-01-01,Aqaba,Retail,Returning,Electronics,Smart Watch,5,94.71,52.31,15.0,No,402.52,140.97
10588,2026-01-04,Zarqa,Retail,New,Home,Air Fryer,4,111.99,75.55,15.0,Yes,45.69,-256.51
10142,2026-01-11,Irbid,Wholesale,New,Accessories,Backpack,3,44.03,23.06,10.0,No,118.88,49.7
10515,2026-04-21,Zarqa,Retail,New,Home,Coffee Maker,1,83.29,48.45,20.0,Yes,8.0,-40.45
10176,2026-06-14,Amman,Online,New,Accessories,Backpack,1,44.39,22.9,10.0,No,39.95,17.05
10135,2026-01-16,Aqaba,Online,Returning,Electronics,Smart Watch,3,97.97,55.02,5.0,No,279.21,114.15
10592,2026-02-27,Amman,Online,New,Home,Blender,3,58.63,34.85,0.0,No,175.89,71.34
10180,2026-01-24,Amman,Retail,Returning,Home,Blender,3,59.44,33.78,10.0,No,160.49,59.15
10423,2026-05-11,Irbid,Wholesale,New,Accessories,Phone Case,8,18.64,6.32,15.0,No,126.75,76.19
10554,2026-03-22,Zarqa,Retail,New,Home,Coffee Maker,5,84.61,47.61,5.0,No,401.9,163.85
10550,2026-05-29,Amman,Wholesale,Returning,Electronics,Smart Watch,7,94.78,52.21,10.0,No,597.11,231.64
10088,2026-01-06,Zarqa,Wholesale,New,Electronics,Power Bank,10,35.84,18.87,0.0,No,358.4,169.7
10257,2026-05-07,Amman,Retail,Returning,Electronics,Wireless Earbuds,5,55.77,28.81,20.0,No,223.08,79.03
10288,2026-03-10,Amman,Online,Returning,Accessories,Phone Case,3,17.68,6.03,25.0,No,39.78,21.69
10567,2026-03-02,Irbid,Retail,New,Home,Coffee Maker,4,83.45,48.85,5.0,No,317.11,121.71
10589,2026-01-01,Zarqa,Wholesale,Returning,Accessories,Backpack,6,45.78,23.11,0.0,No,274.68,136.02
10474,2026-02-24,Amman,Retail,Returning,Accessories,USB-C Cable,3,12.19,3.16,25.0,No,27.43,17.95
10213,2026-06-23,Amman,Retail,Returning,Electronics,Power Bank,2,34.95,18.72,15.0,No,59.42,21.98
10575,2026-04-10,Amman,Online,New,Electronics,Smart Watch,6,94.53,52.11,15.0,No,482.1,169.44
10506,2026-03-01,Amman,Online,Returning,Home,Air Fryer,2,114.94,72.95,20.0,No,183.9,38.0
10045,2026-05-10,Amman,Retail,Returning,Home,Air Fryer,1,118.19,72.26,10.0,No,106.37,34.11
10473,2026-02-07,Zarqa,Online,New,Accessories,USB-C Cable,3,12.03,3.17,10.0,No,32.48,22.97
10582,2026-04-02,Zarqa,Online,Returning,Electronics,Smart Watch,2,94.14,51.69,30.0,No,131.8,28.42
10309,2026-03-19,Irbid,Retail,New,Electronics,Smart Watch,1,92.17,52.2,20.0,No,73.74,21.54
10460,2026-02-13,Zarqa,Retail,Returning,Home,Coffee Maker,5,84.19,50.7,20.0,No,336.76,83.26
10137,2026-05-13,Amman,Online,Returning,Home,Blender,3,61.38,35.57,10.0,No,165.73,59.02
10517,2026-02-19,Amman,Retail,New,Home,Air Fryer,5,117.56,74.99,5.0,No,558.41,183.46
10560,2026-04-29,Irbid,Online,Returning,Home,Air Fryer,6,116.63,71.45,20.0,No,559.82,131.12
10587,2026-04-28,Irbid,Retail,Returning,Accessories,USB-C Cable,1,11.68,2.99,0.0,Yes,1.4,-1.59
10336,2026-01-29,Aqaba,Online,Returning,Electronics,Smart Watch,2,94.28,52.14,10.0,No,169.7,65.42
10201,2026-04-06,Zarqa,Retail,Returning,Accessories,Phone Case,3,18.12,6.22,15.0,No,46.21,27.55
10085,2026-03-17,Zarqa,Online,Returning,Home,Air Fryer,5,113.65,72.42,20.0,No,454.6,92.5
10314,2026-01-19,Zarqa,Wholesale,Returning,Electronics,Power Bank,4,34.07,18.73,20.0,No,109.02,34.1
10144,2026-06-15,Amman,Wholesale,Returning,Accessories,Phone Case,7,17.94,6.07,25.0,No,94.19,51.7
10489,2026-05-12,Amman,Retail,New,Electronics,Wireless Earbuds,5,55.35,29.23,15.0,No,235.24,89.09
10048,2026-01-17,Irbid,Online,Returning,Electronics,Power Bank,4,33.96,17.71,0.0,No,135.84,65.0
10368,2026-04-30,Zarqa,Wholesale,New,Accessories,USB-C Cable,3,11.93,3.13,10.0,No,32.21,22.82
10100,2026-04-24,Zarqa,Retail,New,Electronics,Power Bank,1,35.1,17.92,25.0,No,26.33,8.41
10192,2026-04-02,Amman,Retail,Returning,Home,Coffee Maker,5,86.48,49.05,15.0,No,367.54,122.29
10425,2026-01-05,Zarqa,Online,Returning,Accessories,Phone Case,2,17.85,5.98,20.0,Yes,3.43,-8.53
10060,2026-02-13,Amman,Online,Returning,Home,Coffee Maker,1,84.3,49.68,15.0,No,71.66,21.98
10012,2026-06-23,Amman,Wholesale,Returning,Electronics,Wireless Earbuds,7,57.08,29.18,5.0,No,379.58,175.32
10027,2026-02-21,Amman,Online,New,Electronics,Wireless Earbuds,6,56.94,29.24,10.0,No,307.48,132.04
10573,2026-04-11,Amman,Wholesale,New,Home,Blender,10,62.32,33.93,0.0,No,623.2,283.9
10250,2026-02-16,Amman,Retail,Returning,Electronics,Smart Watch,3,92.84,55.12,0.0,No,278.52,113.16
10444,2026-05-08,Zarqa,Retail,Returning,Electronics,Wireless Earbuds,3,54.84,28.33,20.0,No,131.62,46.63
10532,2026-05-10,Amman,Retail,Returning,Accessories,USB-C Cable,5,11.88,3.05,5.0,No,56.43,41.18
10073,2026-04-29,Irbid,Retail,Returning,Accessories,Backpack,3,45.61,23.07,5.0,Yes,15.6,-53.61
10087,2026-06-18,Amman,Wholesale,New,Accessories,USB-C Cable,7,12.16,3.0,0.0,No,85.12,64.12
10189,2026-05-23,Irbid,Online,Returning,Home,Coffee Maker,4,82.75,50.37,25.0,No,248.25,46.77
10178,2026-03-06,Amman,Online,Returning,Home,Air Fryer,3,116.12,73.74,10.0,No,313.52,92.3
10354,2026-04-29,Amman,Online,New,Accessories,USB-C Cable,2,11.8,2.99,10.0,No,21.24,15.26
10191,2026-02-03,Irbid,Wholesale,Returning,Home,Air Fryer,7,113.47,73.46,0.0,No,794.29,280.07
10594,2026-01-04,,Online,Returning,Accessories,USB-C Cable,4,11.73,3.05,0.0,No,46.92,34.72
10107,2026-03-11,Irbid,Online,New,Electronics,Power Bank,1,35.69,18.87,5.0,No,33.91,15.04
10387,2026-03-16,Amman,Retail,New,Home,Air Fryer,5,115.66,70.87,0.0,No,578.3,223.95
10246,2026-03-18,Zarqa,Online,New,Home,Blender,4,59.68,34.86,0.0,No,238.72,99.28
10218,2026-02-06,Zarqa,Online,Returning,Accessories,Backpack,3,43.79,22.18,5.0,No,124.8,58.26
10093,2026-01-17,Zarqa,Retail,New,Accessories,Phone Case,5,17.83,6.2,10.0,No,80.23,49.23
10253,2026-06-12,Zarqa,Online,Returning,Home,Air Fryer,1,118.6,71.35,30.0,No,83.02,11.67
10392,2026-03-02,Zarqa,Online,New,Electronics,Smart Watch,6,98.38,54.71,15.0,Yes,60.21,-268.05
10456,2026-02-17,Zarqa,Online,Returning,Accessories,USB-C Cable,1,11.83,2.99,15.0,No,10.06,7.07
10202,2026-06-09,Amman,Online,New,Home,Blender,5,59.23,35.61,10.0,No,266.53,88.48
10613,2026-02-24,Irbid,Online,Returning,Electronics,Power Bank,2,34.31,18.44,5.0,No,65.19,28.31
10158,2026-04-05,Amman,Wholesale,Returning,Accessories,USB-C Cable,8,12.34,2.98,0.0,No,98.72,74.88
10469,2026-04-04,Irbid,Retail,Returning,Accessories,USB-C Cable,1,11.66,3.06,10.0,No,10.49,7.43
10196,2026-05-31,Zarqa,Online,New,Accessories,Phone Case,6,18.65,5.9,5.0,No,106.3,70.9
10283,2026-06-23,Zarqa,Online,Returning,Accessories,Backpack,3,46.64,23.02,10.0,No,125.93,56.87
10281,2026-03-10,Amman,Wholesale,Returning,Electronics,Smart Watch,8,94.4,54.35,0.0,No,755.2,320.4
10141,2026-02-08,Amman,Wholesale,New,Home,Blender,5,59.31,34.98,5.0,No,281.72,106.82
10391,2026-05-18,Amman,Online,Returning,Electronics,Smart Watch,1,94.33,54.38,25.0,No,70.75,16.37
10463,2026-03-20,Amman,Online,New,Home,Coffee Maker,3,84.29,49.11,15.0,No,214.94,67.61
10222,2026-06-22,Aqaba,Retail,New,Electronics,Wireless Earbuds,6,55.72,28.37,10.0,No,300.89,130.67
10229,2026-05-05,Amman,Retail,New,Home,Coffee Maker,3,85.17,48.55,5.0,No,242.73,97.08
10419,2026-03-05,Amman,Retail,New,Home,Blender,5,59.98,34.13,15.0,No,254.91,84.26
10177,2026-03-21,Zarqa,Retail,Returning,Home,Coffee Maker,6,87.74,50.53,10.0,No,473.8,170.62
10647,2026-01-23,Amman,Online,Returning,Home,Coffee Maker,4,87.83,50.26,10.0,No,316.19,115.15
10525,2026-02-21,Amman,Wholesale,Returning,Accessories,USB-C Cable,10,12.35,3.02,15.0,No,104.97,74.77
10454,2026-02-28,Amman,Online,Returning,Electronics,Power Bank,3,34.54,18.42,20.0,No,82.9,27.64
10645,2026-05-17,Zarqa,Online,New,Accessories,Backpack,1,46.46,22.52,10.0,No,41.81,19.29
10136,2026-03-24,Amman,Retail,New,Electronics,Smart Watch,2,95.81,54.41,10.0,No,172.46,63.64
10595,2026-04-24,Amman,Online,New,Accessories,USB-C Cable,2,12.07,2.99,20.0,No,19.31,13.33
10452,2026-02-06,Amman,Retail,New,Electronics,Wireless Earbuds,3,54.2,28.49,0.0,No,162.6,77.13
10325,2026-05-16,Amman,Online,New,Accessories,Phone Case,3,17.51,6.18,20.0,No,42.02,23.48
10252,2026-03-01,Amman,Online,New,Home,Blender,4,61.16,33.5,5.0,No,232.41,98.41
10648,2026-04-23,Irbid,Retail,Returning,Home,Coffee Maker,6,83.63,50.21,0.0,No,501.78,200.52
10436,2026-05-09,Amman,Retail,New,Accessories,Backpack,3,45.71,22.63,15.0,No,116.56,48.67
10481,2026-05-09,Amman,Online,Returning,Electronics,Wireless Earbuds,3,56.54,28.51,25.0,No,127.22,41.68
10556,2026-06-29,Amman,Online,Returning,Electronics,Power Bank,2,36.13,18.78,10.0,No,65.03,27.47
10320,2026-01-06,Aqaba,Online,Returning,Home,Coffee Maker,1,88.29,49.88,25.0,No,66.22,16.34
10106,2026-01-30,Amman,Retail,Returning,Electronics,Wireless Earbuds,2,53.81,29.45,25.0,Yes,9.69,-49.21
10622,2026-04-25,Amman,Online,Returning,Home,Air Fryer,4,111.55,72.58,30.0,No,312.34,22.02
10263,2026-01-19,Zarqa,Wholesale,New,Accessories,Backpack,8,43.9,22.02,10.0,No,316.08,139.92
10334,2026-02-14,Amman,Online,New,Home,Air Fryer,5,118.6,71.44,25.0,No,444.75,87.55
10457,2026-03-18,Irbid,Wholesale,Returning,Accessories,USB-C Cable,9,12.4,3.06,10.0,No,100.44,72.9
10605,2026-01-08,Amman,Online,Returning,Electronics,Power Bank,5,34.34,18.16,5.0,No,163.12,72.32
10025,2026-05-03,Amman,Retail,Returning,Electronics,Wireless Earbuds,5,53.83,29.52,0.0,No,269.15,121.55
10230,2026-01-03,Amman,Retail,Returning,Electronics,Smart Watch,1,94.44,52.71,10.0,No,85.0,32.29
10598,2026-06-11,Aqaba,Retail,Returning,Accessories,Phone Case,4,18.54,6.06,20.0,No,59.33,35.09
10350,2026-04-21,Irbid,Retail,New,Accessories,USB-C Cable,2,12.1,3.16,10.0,No,21.78,15.46
10164,2026-02-09,Amman,Online,New,Electronics,Smart Watch,2,98.22,53.19,10.0,No,176.8,70.42
10608,2026-02-06,Aqaba,Wholesale,Returning,Electronics,Power Bank,7,35.53,17.75,20.0,No,198.97,74.72
10183,2026-06-28,Amman,Retail,Returning,Home,Blender,4,59.09,33.33,20.0,No,189.09,55.77
10490,2026-06-20,Irbid,Online,Returning,Home,Blender,6,59.87,35.56,25.0,No,269.41,56.05
10382,2026-03-28,Zarqa,Retail,New,Accessories,Backpack,2,45.69,21.8,15.0,No,77.67,34.07
10033,2026-06-08,Zarqa,Online,New,Electronics,Wireless Earbuds,3,56.56,27.56,15.0,No,144.23,61.55
10566,2026-05-20,Amman,Online,New,Electronics,Power Bank,2,36.2,17.79,20.0,Yes,6.95,-28.63
10494,2026-02-12,Irbid,Online,New,Accessories,Backpack,4,46.46,22.78,0.0,No,185.84,94.72
10617,2026-05-27,Amman,Retail,New,Home,Coffee Maker,4,88.07,47.64,5.0,No,334.67,144.11
10644,2026-02-11,Aqaba,Online,Returning,Home,Air Fryer,2,118.53,72.71,5.0,No,225.21,79.79
10077,2026-06-04,Zarqa,Online,Returning,Accessories,Backpack,2,43.86,21.92,5.0,Yes,10.0,-33.84
10020,2026-06-24,Aqaba,Online,Returning,Electronics,Power Bank,6,34.06,18.27,30.0,No,143.05,33.43
10035,2026-05-30,Zarqa,Wholesale,Returning,Home,Air Fryer,8,113.7,71.37,15.0,No,773.16,202.2
10628,2026-02-20,Amman,Wholesale,Returning,Accessories,Phone Case,6,17.84,6.17,15.0,No,90.98,53.96
10248,2026-02-11,Zarqa,Online,Returning,Accessories,Phone Case,6,18.37,5.91,10.0,No,99.2,63.74
10522,2026-03-15,Aqaba,Online,New,Electronics,Smart Watch,6,96.29,54.8,5.0,No,548.85,220.05
10240,2026-04-04,Aqaba,Online,New,Accessories,USB-C Cable,1,11.67,3.01,10.0,No,10.5,7.49
10315,2026-05-25,Zarqa,Retail,New,Home,Air Fryer,1,112.38,74.23,0.0,No,112.38,38.15
10237,2026-02-24,Amman,Online,Returning,Accessories,Backpack,1,46.49,22.16,5.0,No,44.17,22.01
10445,2026-03-15,Zarqa,Retail,Returning,Home,Air Fryer,3,114.34,75.88,20.0,No,274.42,46.78
10096,2026-06-27,Zarqa,Online,New,Accessories,Backpack,6,44.12,23.25,15.0,No,225.01,85.51
10555,2026-05-18,Amman,Wholesale,Returning,Home,Coffee Maker,7,84.79,50.88,15.0,No,504.5,148.34
10186,2026-03-28,Amman,Online,Returning,Electronics,Wireless Earbuds,2,56.26,27.66,15.0,No,95.64,40.32
10061,2026-06-30,Amman,Retail,New,Accessories,Backpack,2,44.17,21.85,10.0,No,79.51,35.81
10019,2026-06-19,Amman,Wholesale,New,Accessories,Backpack,4,44.82,23.02,10.0,No,161.35,69.27
10301,2026-06-14,Amman,Retail,New,Accessories,USB-C Cable,5,11.97,3.03,20.0,No,47.88,32.73
10054,2026-05-07,Amman,Online,New,Accessories,USB-C Cable,1,12.0,3.09,10.0,No,10.8,7.71
10359,2026-01-11,Irbid,Retail,Returning,Electronics,Power Bank,1,34.14,18.51,0.0,No,34.14,15.63
10333,2026-06-17,Amman,Online,New,Accessories,Backpack,6,44.35,22.99,10.0,No,239.49,101.55
10413,2026-02-25,Irbid,Online,Returning,Electronics,Wireless Earbuds,4,53.47,29.27,5.0,No,203.19,86.11
10098,2026-01-17,Irbid,Retail,Returning,Accessories,Backpack,3,46.38,22.96,20.0,No,111.31,42.43
10574,2026-03-30,Amman,Retail,New,Home,Coffee Maker,1,86.04,47.25,10.0,No,77.44,30.19
10303,2026-02-21,Amman,Retail,Returning,Home,Blender,1,61.33,34.25,20.0,No,49.06,14.81
10340,2026-01-10,Zarqa,Online,Returning,Home,Air Fryer,5,116.33,71.97,20.0,No,465.32,105.47
10295,2026-04-05,Irbid,Online,New,Home,Air Fryer,3,114.38,75.67,15.0,No,291.67,64.66
10031,2026-01-27,Amman,Online,New,Home,Air Fryer,1,112.96,70.87,0.0,No,112.96,42.09
10642,2026-03-22,Irbid,Online,Returning,Accessories,Backpack,3,45.31,21.79,0.0,No,135.93,70.56
10553,2026-06-05,Amman,Online,New,Home,Coffee Maker,2,83.9,49.71,20.0,No,134.24,34.82
10232,2026-05-19,Aqaba,Online,Returning,Accessories,USB-C Cable,4,12.47,2.94,5.0,No,47.39,35.63
10449,2026-04-25,Irbid,Online,Returning,Accessories,USB-C Cable,2,11.97,3.02,30.0,No,16.76,10.72
10199,2026-05-15,Amman,Wholesale,Returning,Electronics,Wireless Earbuds,8,57.09,29.46,0.0,No,456.72,221.04
10146,2026-06-06,Zarqa,Wholesale,Returning,Accessories,Backpack,8,45.44,22.37,10.0,No,327.17,148.21
10437,2026-05-04,Zarqa,Retail,Returning,Home,Air Fryer,2,114.96,72.16,5.0,No,218.42,74.1
10599,2026-06-08,Zarqa,Retail,New,Home,Coffee Maker,5,84.25,50.83,25.0,No,315.94,61.79
10388,2026-04-30,Amman,Retail,Returning,Accessories,Backpack,1,46.36,22.16,20.0,No,37.09,14.93
10317,2026-06-19,Aqaba,Wholesale,Returning,Home,Air Fryer,9,117.75,76.31,15.0,No,900.79,214.0
10541,2026-02-28,Zarqa,Wholesale,Returning,Home,Air Fryer,4,116.85,73.84,5.0,No,444.03,148.67
10401,2026-04-02,Amman,Online,Returning,Electronics,Wireless Earbuds,1,54.23,28.77,25.0,No,40.67,11.9
10125,2026-03-08,Amman,Retail,Returning,Electronics,Wireless Earbuds,2,53.8,28.31,15.0,No,91.46,34.84
10166,2026-06-21,Aqaba,Online,Returning,Electronics,Smart Watch,4,96.49,53.76,5.0,No,366.66,151.62
10242,2026-01-17,Zarqa,Retail,New,Electronics,Wireless Earbuds,5,56.6,29.45,15.0,No,240.55,93.3
10451,2026-04-14,Zarqa,Online,New,Electronics,Smart Watch,4,95.43,53.67,5.0,No,362.63,147.95
10004,2026-06-25,Amman,Online,Returning,Accessories,USB-C Cable,5,11.95,3.05,30.0,No,41.82,26.57
10547,2026-03-20,Aqaba,Online,New,Electronics,Smart Watch,2,95.74,53.26,10.0,No,172.33,65.81
10149,2026-05-30,Aqaba,Online,Returning,Accessories,USB-C Cable,4,12.21,3.08,5.0,Yes,5.57,-6.75
10415,2026-06-14,Amman,Online,New,Electronics,Power Bank,4,34.09,17.95,20.0,No,109.09,37.29
10328,2026-05-08,Amman,Wholesale,Returning,Electronics,Smart Watch,8,92.74,55.01,25.0,No,556.44,116.36
10466,2026-05-05,Amman,Wholesale,New,Accessories,USB-C Cable,7,12.08,3.02,20.0,No,67.65,46.51
10535,2026-04-01,Amman,Online,Returning,Home,Blender,3,60.58,33.85,20.0,No,145.39,43.84
10130,2026-06-19,Amman,Retail,Returning,Home,Blender,2,58.8,35.71,20.0,No,94.08,22.66
10390,2026-06-09,Aqaba,Online,New,Electronics,Smart Watch,4,92.2,53.44,10.0,No,331.92,118.16
10558,2026-03-24,Amman,Online,New,Electronics,Smart Watch,6,97.57,54.08,5.0,No,556.15,231.67
10518,2026-03-13,Irbid,Wholesale,New,Electronics,Wireless Earbuds,4,53.97,28.92,20.0,No,172.7,57.02
10290,2026-02-21,Amman,Retail,Returning,Electronics,Smart Watch,5,96.17,52.61,10.0,Yes,51.93,-211.12
10624,2026-06-01,Irbid,Online,Returning,Electronics,Power Bank,2,34.37,18.37,5.0,No,65.3,28.56
10119,2026-05-26,Irbid,Wholesale,New,Electronics,Smart Watch,10,93.98,51.54,0.0,No,939.8,424.4
10459,2026-02-26,Amman,Wholesale,Returning,Home,Air Fryer,6,114.5,74.69,5.0,No,652.65,204.51
10431,2026-05-07,Zarqa,Retail,Returning,Home,Air Fryer,5,113.75,70.65,10.0,No,511.88,158.62
10332,2026-06-30,Irbid,Retail,New,Home,Blender,5,59.07,34.85,10.0,No,265.82,91.57
10159,2026-01-13,Zarqa,Online,Returning,Accessories,USB-C Cable,6,11.9,2.99,25.0,No,53.55,35.61
10086,2026-06-15,Irbid,Online,New,Home,Air Fryer,2,117.28,71.43,5.0,No,222.83,79.97
10204,2026-02-25,Amman,Retail,Returning,Home,Air Fryer,4,112.64,74.55,15.0,No,382.98,84.78
10528,2026-01-01,Aqaba,Online,New,Accessories,Phone Case,3,18.47,5.94,20.0,No,44.33,26.51
10386,2026-06-26,Irbid,Retail,New,Home,Air Fryer,6,118.85,75.62,10.0,No,641.79,188.07
10411,2026-06-11,Amman,Wholesale,Returning,Electronics,Power Bank,6,35.59,18.45,20.0,No,170.83,60.13
10102,2026-04-16,Amman,Online,New,Accessories,Phone Case,3,17.52,6.11,15.0,No,44.68,26.35
10175,2026-01-20,Amman,Wholesale,New,Accessories,Phone Case,6,18.05,6.07,0.0,No,108.3,71.88
10057,2026-04-06,Amman,Retail,Returning,Home,Coffee Maker,4,85.45,49.04,20.0,No,273.44,77.28
10055,2026-06-25,Amman,Online,Returning,Home,Blender,4,60.19,33.93,5.0,No,228.72,93.0
10593,2026-02-23,Amman,Retail,Returning,Accessories,USB-C Cable,1,11.8,3.0,0.0,No,11.8,8.8
10063,2026-01-08,Amman,Online,New,Home,Blender,2,59.18,34.11,0.0,No,118.36,50.14
10568,2026-04-13,Amman,Retail,Returning,Home,Coffee Maker,4,85.07,50.01,0.0,No,340.28,140.24
10289,2026-04-10,Zarqa,Retail,Returning,Home,Air Fryer,2,111.75,72.07,15.0,No,189.97,45.84
10378,2026-01-17,Zarqa,Online,Returning,Accessories,Phone Case,3,17.77,6.06,0.0,No,53.31,35.13
10074,2026-01-09,Zarqa,Retail,New,Accessories,Backpack,3,45.77,21.98,20.0,No,109.85,43.91
10585,2026-06-12,Amman,Online,New,Electronics,Wireless Earbuds,1,55.62,28.46,5.0,No,52.84,24.38
10118,2026-05-11,Amman,Online,New,Accessories,Phone Case,1,18.3,5.89,25.0,No,13.73,7.84
10212,2026-02-28,Zarqa,Wholesale,New,Electronics,Smart Watch,9,98.7,54.73,25.0,No,666.23,173.66
10016,2026-01-19,Zarqa,Online,Returning,Home,Blender,3,58.55,34.64,15.0,No,149.3,45.38
10493,2026-04-16,Amman,Online,Returning,Accessories,Phone Case,1,18.43,6.3,25.0,No,13.82,7.52
10362,2026-01-11,Amman,Online,New,Electronics,Power Bank,4,35.54,18.2,15.0,No,120.84,48.04
10075,2026-04-05,Irbid,Online,Returning,Home,Blender,3,58.99,33.55,15.0,No,150.42,49.77
10022,2026-03-16,Amman,Retail,New,Home,Blender,1,58.72,35.58,5.0,No,55.78,20.2
10215,2026-06-26,Amman,Retail,New,Electronics,Power Bank,5,35.38,17.67,0.0,No,176.9,88.55
10530,2026-01-30,Zarqa,Online,Returning,Electronics,Wireless Earbuds,6,54.4,27.79,20.0,No,261.12,94.38
10485,2026-04-02,Amman,Retail,Returning,Accessories,USB-C Cable,1,11.98,3.15,0.0,No,11.98,8.83
10258,2026-04-17,Irbid,Online,Returning,Accessories,Phone Case,5,17.99,5.97,25.0,No,67.46,37.61
10018,2026-03-02,Irbid,Online,Returning,Electronics,Power Bank,1,34.64,18.59,15.0,No,29.44,10.85
10193,2026-02-14,Irbid,Wholesale,Returning,Accessories,Phone Case,8,18.26,6.11,5.0,No,138.78,89.9
10151,2026-01-01,Zarqa,Online,New,Home,Blender,5,60.45,35.95,10.0,No,272.03,92.28
10373,2026-01-20,Amman,Retail,Returning,Electronics,Smart Watch,3,95.03,52.43,0.0,No,285.09,127.8
10032,2026-04-04,Amman,Online,Returning,Accessories,Backpack,5,44.22,21.98,25.0,No,165.82,55.92
10104,2026-01-20,Aqaba,Wholesale,New,Accessories,USB-C Cable,5,12.1,2.96,5.0,No,57.47,42.67
10139,2026-04-13,Irbid,Retail,New,Accessories,Phone Case,6,18.06,6.33,10.0,No,97.52,59.54
10430,2026-01-16,Aqaba,Wholesale,New,Accessories,USB-C Cable,7,11.91,2.95,5.0,No,79.2,58.55
10226,2026-02-16,Zarqa,Online,New,Home,Blender,3,59.4,34.23,15.0,No,151.47,48.78
10112,2026-04-07,Amman,Online,Returning,Accessories,Backpack,3,46.15,22.66,5.0,No,131.53,63.55
10008,2026-04-13,Zarqa,Retail,Returning,Home,Coffee Maker,4,84.26,47.16,10.0,No,303.34,114.7
10079,2026-03-04,Amman,Online,Returning,Accessories,USB-C Cable,2,12.14,3.1,15.0,No,20.64,14.44
10380,2026-03-03,Zarqa,Retail,Returning,Accessories,Phone Case,5,17.5,5.94,5.0,No,83.12,53.42
10564,2026-04-14,Amman,Online,New,Electronics,Power Bank,1,35.49,17.74,5.0,No,33.72,15.98
10371,2026-04-01,Irbid,Wholesale,New,Electronics,Smart Watch,11,96.42,53.91,10.0,No,954.56,361.55
10344,2026-03-26,Amman,Online,New,Accessories,Phone Case,1,18.24,5.88,15.0,No,15.5,9.62
10366,2026-02-22,Amman,Retail,Returning,Accessories,Backpack,3,45.17,22.33,15.0,No,115.18,48.19
10467,2026-05-12,Irbid,Retail,Returning,Electronics,Power Bank,2,36.07,18.1,10.0,No,64.93,28.73
10084,2026-06-12,Amman,Online,New,Accessories,Backpack,2,46.37,21.56,5.0,No,88.1,44.98
10434,2026-05-25,Irbid,Retail,Returning,Accessories,Phone Case,4,18.15,6.01,15.0,No,61.71,37.67
10285,2026-05-08,Irbid,Online,New,Electronics,Power Bank,6,35.33,18.17,10.0,No,190.78,81.76
10076,2026-03-13,Irbid,Retail,Returning,Home,Coffee Maker,2,83.26,49.25,10.0,No,149.87,51.37
10542,2026-04-10,Zarqa,Online,New,Accessories,Backpack,1,45.01,21.7,5.0,No,42.76,21.06
10464,2026-02-19,Zarqa,Retail,New,Accessories,Backpack,2,46.06,23.03,0.0,No,92.12,46.06
10003,2026-06-05,Zarqa,Retail,New,Accessories,Phone Case,1,18.44,5.97,20.0,No,14.75,8.78
10408,2026-01-11,Irbid,Online,New,Electronics,Power Bank,3,36.11,19.01,20.0,No,86.66,29.63
10299,2026-02-15,Amman,Retail,Returning,Accessories,Phone Case,6,17.83,6.3,20.0,No,85.58,47.78
10080,2026-04-06,Amman,Online,New,Home,Blender,6,61.53,35.45,10.0,No,332.26,119.56
10270,2026-03-23,Irbid,Online,New,Accessories,Backpack,4,46.05,23.3,0.0,No,184.2,91.0
10209,2026-02-09,Amman,Wholesale,New,Home,Coffee Maker,7,86.27,48.62,5.0,No,573.7,233.36
10342,2026-03-30,Irbid,Online,Returning,Accessories,Backpack,5,44.68,21.97,0.0,No,223.4,113.55
10219,2026-03-06,Amman,Retail,Returning,Electronics,Wireless Earbuds,4,56.09,27.67,20.0,No,179.49,68.81
10194,2026-06-28,Amman,Online,Returning,Electronics,Wireless Earbuds,2,57.12,29.42,20.0,No,91.39,32.55
10521,2026-04-09,Zarqa,Wholesale,Returning,Accessories,Backpack,7,45.21,22.84,5.0,No,300.65,140.77
10497,2026-06-20,Amman,Retail,New,Home,Coffee Maker,5,85.56,48.27,0.0,No,427.8,186.45
10198,2026-02-09,Amman,Wholesale,Returning,Electronics,Wireless Earbuds,7,55.18,28.45,10.0,No,347.63,148.48
10251,2026-03-22,Irbid,Retail,Returning,Accessories,USB-C Cable,1,12.42,3.17,0.0,No,12.42,9.25
10536,2026-02-14,Zarqa,Retail,New,Home,Blender,3,59.32,34.99,10.0,No,160.16,55.19
10140,2026-03-03,Zarqa,Online,Returning,Electronics,Smart Watch,1,93.53,52.72,0.0,No,93.53,40.81
10168,2026-02-04,Aqaba,Retail,Returning,Accessories,USB-C Cable,3,12.14,2.99,0.0,No,36.42,27.45
10355,2026-02-15,Irbid,Wholesale,Returning,Electronics,Smart Watch,7,92.44,53.96,0.0,No,647.08,269.36
10612,2026-02-13,Aqaba,Retail,New,Accessories,Phone Case,6,18.01,6.08,10.0,No,97.25,60.77
10404,2026-03-04,Aqaba,Retail,Returning,Home,Air Fryer,5,118.83,71.62,10.0,No,534.74,176.63
10396,2026-05-08,Zarqa,Retail,New,Home,Coffee Maker,3,82.46,50.33,10.0,No,222.64,71.65
10615,2026-05-07,Amman,Online,Returning,Accessories,Backpack,3,45.19,22.94,10.0,Yes,14.64,-54.18
10279,2026-04-24,Zarqa,Wholesale,Returning,Electronics,Power Bank,4,35.75,18.83,5.0,No,135.85,60.53
10586,2026-06-27,Aqaba,Online,New,Accessories,USB-C Cable,4,12.27,2.97,20.0,No,39.26,27.38
10101,2026-04-19,Amman,Online,New,Electronics,Power Bank,5,34.55,17.78,15.0,No,146.84,57.94
10306,2026-06-28,Amman,Wholesale,Returning,Accessories,Backpack,6,45.89,22.38,20.0,No,220.27,85.99
10491,2026-01-08,Amman,Online,Returning,Home,Coffee Maker,2,87.45,50.57,15.0,No,148.66,47.52
10638,2026-04-24,Amman,Online,Returning,Electronics,Smart Watch,4,97.04,54.16,5.0,Yes,44.25,-172.39
10646,2026-02-13,Irbid,Retail,New,Home,Air Fryer,2,118.43,70.87,20.0,No,189.49,47.75
10311,2026-02-24,Amman,Retail,New,Accessories,Phone Case,3,17.7,6.12,5.0,Yes,6.05,-12.31
10614,2026-02-06,Amman,Online,New,Home,Air Fryer,5,117.79,72.47,5.0,No,559.5,197.15
10322,2026-03-23,Zarqa,Online,New,Home,Coffee Maker,1,85.03,48.72,15.0,No,72.28,23.56
10269,2026-02-17,Amman,Online,New,Accessories,Phone Case,3,18.56,6.17,0.0,No,55.68,37.17
10358,2026-05-27,Amman,Online,New,Electronics,Smart Watch,6,98.68,54.97,25.0,No,444.06,114.24
10643,2026-06-29,Amman,Wholesale,Returning,Accessories,Backpack,10,46.39,22.2,10.0,No,417.51,195.51
10155,2026-01-21,Zarqa,Online,Returning,Home,Blender,6,58.79,33.83,5.0,No,335.1,132.12
10132,2026-03-03,Irbid,Online,New,Home,Coffee Maker,1,85.66,50.19,20.0,No,68.53,18.34
10231,2026-01-18,Aqaba,Online,Returning,Accessories,Phone Case,2,18.45,6.18,5.0,No,35.05,22.7
10375,2026-05-17,Amman,Online,Returning,Electronics,Wireless Earbuds,5,53.45,28.78,5.0,No,253.89,109.99
10271,2026-01-02,Irbid,Online,Returning,Home,Blender,5,58.25,34.94,5.0,No,276.69,101.99
10115,2026-03-13,Zarqa,Retail,Returning,Home,Coffee Maker,6,83.5,49.64,5.0,No,475.95,178.11
10403,2026-02-10,Amman,Wholesale,Returning,Home,Coffee Maker,7,84.19,50.11,10.0,No,530.4,179.63
10639,2026-04-27,Amman,Online,Returning,Electronics,Power Bank,1,34.59,18.66,10.0,No,31.13,12.47
10091,2026-01-06,Irbid,Retail,New,Electronics,Smart Watch,6,92.99,51.56,10.0,No,502.15,192.79
10211,2026-06-03,Amman,Retail,Returning,Electronics,Wireless Earbuds,6,55.81,29.37,10.0,No,301.37,125.15
10227,2026-05-13,Irbid,Online,Returning,Home,Air Fryer,2,115.49,71.38,10.0,No,207.88,65.12
10626,2026-03-14,Amman,Online,New,Electronics,Smart Watch,6,93.43,51.57,0.0,No,560.58,251.16
10351,2026-01-31,Irbid,Wholesale,Returning,Accessories,USB-C Cable,8,11.97,3.0,0.0,No,95.76,71.76
10300,2026-04-15,Irbid,Retail,Returning,Electronics,Wireless Earbuds,6,56.48,29.11,10.0,No,304.99,130.33
10152,2026-05-24,Amman,Retail,Returning,Accessories,Phone Case,4,18.48,6.11,0.0,No,73.92,49.48
10478,2026-05-04,Amman,Online,Returning,Electronics,Wireless Earbuds,2,55.54,27.86,15.0,No,94.42,38.7
10523,2026-03-01,Zarqa,Retail,New,Accessories,USB-C Cable,6,11.73,3.17,5.0,No,66.86,47.84
10095,2026-05-17,Irbid,Retail,Returning,Accessories,Backpack,5,45.27,21.58,10.0,No,203.72,95.82
10356,2026-04-14,Amman,Retail,New,Accessories,Phone Case,1,18.71,5.91,0.0,No,18.71,12.8
10602,2026-01-14,Irbid,Online,New,Home,Coffee Maker,3,84.2,47.75,25.0,No,189.45,46.2
10345,2026-06-28,Zarqa,Online,Returning,Accessories,Backpack,5,46.72,22.37,20.0,No,186.88,75.03
10264,2026-03-01,Amman,Retail,Returning,Electronics,Smart Watch,5,97.65,51.54,5.0,No,463.84,206.14
10502,2026-02-22,Zarqa,Online,New,Electronics,Wireless Earbuds,4,55.63,28.29,5.0,No,211.39,98.23
10260,2026-01-30,Zarqa,Online,New,Accessories,Backpack,5,43.79,21.57,15.0,No,186.11,78.26
10037,2026-03-01,Aqaba,Retail,New,Home,Air Fryer,4,116.8,75.19,20.0,No,373.76,73.0
10335,2026-02-04,Aqaba,Retail,New,Electronics,Smart Watch,5,93.8,54.76,0.0,No,469.0,195.2
10578,2026-05-16,Amman,Online,Returning,Accessories,USB-C Cable,6,12.11,3.11,15.0,No,61.76,43.1
10635,2026-03-30,Amman,Retail,Returning,Accessories,Backpack,6,45.46,22.4,10.0,No,245.48,111.08
10001,2026-01-17,Amman,Wholesale,Returning,Accessories,Backpack,4,46.05,22.94,25.0,No,138.15,46.39
10042,2026-05-11,Zarqa,Online,Returning,Electronics,Wireless Earbuds,2,56.29,28.05,15.0,No,95.69,39.59
10145,2026-03-27,Amman,Online,New,Electronics,Smart Watch,5,94.54,52.66,10.0,No,425.43,162.13
10330,2026-01-28,Aqaba,Retail,Returning,Accessories,Phone Case,1,18.31,6.1,10.0,No,16.48,10.38
10011,2026-01-31,Zarqa,Online,Returning,Home,Air Fryer,3,113.98,74.19,5.0,No,324.84,102.27
10649,2026-05-05,Amman,Online,Returning,Electronics,Power Bank,1,35.91,18.91,10.0,No,32.32,13.41
10650,2026-06-30,Aqaba,Online,New,Electronics,Power Bank,4,34.33,19.01,25.0,No,102.99,26.95
10238,2026-04-14,Zarqa,Online,New,Accessories,Backpack,5,46.6,22.63,10.0,No,209.7,96.55
10190,2026-06-04,Zarqa,Retail,New,Electronics,Smart Watch,5,96.99,52.8,25.0,No,363.71,99.71
10492,2026-01-11,Aqaba,Online,Returning,Electronics,Wireless Earbuds,6,53.42,27.5,0.0,No,320.52,155.52
10627,2026-04-25,Amman,Online,Returning,Home,Blender,1,59.03,35.92,25.0,No,44.27,8.35
10590,2026-05-04,Amman,Online,Returning,Electronics,Smart Watch,4,93.28,52.87,10.0,No,335.81,124.33
10298,2026-04-14,Amman,Online,Returning,Accessories,Phone Case,6,18.0,6.1,20.0,No,86.4,49.8
10409,2026-06-30,Amman,Online,Returning,Accessories,USB-C Cable,2,11.76,3.0,30.0,No,16.46,10.46
10349,2026-01-18,Aqaba,Online,Returning,Accessories,Phone Case,1,17.74,5.93,5.0,No,16.85,10.92
10039,2026-05-06,Irbid,Online,Returning,Accessories,Backpack,1,45.52,22.94,30.0,No,31.86,8.92
10516,2026-05-01,Amman,Wholesale,Returning,Electronics,Smart Watch,7,93.83,53.98,25.0,No,492.61,114.75
10498,2026-06-12,Amman,Wholesale,Returning,Home,Air Fryer,6,116.24,71.72,15.0,No,592.82,162.5
10108,2026-03-23,Amman,Retail,New,Electronics,Power Bank,2,36.25,18.92,0.0,No,72.5,34.66
10286,2026-04-10,Aqaba,Online,Returning,Electronics,Wireless Earbuds,6,55.74,28.87,25.0,No,250.83,77.61
10082,2026-06-13,Zarqa,Wholesale,Returning,Accessories,USB-C Cable,5,11.73,2.95,25.0,No,43.99,29.24
10126,2026-01-26,Amman,Online,Returning,Home,Blender,4,62.32,33.51,25.0,No,186.96,52.92
10471,2026-01-11,Irbid,Online,New,Electronics,Wireless Earbuds,6,55.04,28.5,10.0,No,297.22,126.22
10421,2026-02-13,Amman,Retail,Returning,Accessories,Backpack,2,46.03,23.06,25.0,No,69.05,22.93
10184,2026-03-10,Aqaba,Online,New,Accessories,USB-C Cable,4,11.71,3.03,20.0,No,37.47,25.35
10247,2026-03-29,Amman,Wholesale,Returning,Accessories,Phone Case,8,17.64,6.13,20.0,No,112.9,63.86
10206,2026-01-16,Zarqa,Retail,Returning,Home,Air Fryer,3,119.02,73.39,10.0,No,321.35,101.18
10268,2026-03-30,Amman,Wholesale,Returning,Accessories,USB-C Cable,10,11.95,3.07,10.0,No,107.55,76.85
10546,2026-03-27,Irbid,Online,Returning,Accessories,Phone Case,3,18.11,6.21,10.0,No,48.9,30.27
10050,2026-03-22,Amman,Online,Returning,Electronics,Wireless Earbuds,4,56.63,27.79,15.0,No,192.54,81.38
10576,2026-03-10,Amman,Online,Returning,Electronics,Power Bank,4,35.15,17.86,5.0,No,133.57,62.13
10603,2026-04-25,Amman,Online,New,Electronics,Power Bank,4,34.05,18.96,10.0,No,122.58,46.74
10580,2026-01-05,Amman,Retail,Returning,Home,Blender,2,61.36,35.87,10.0,No,110.45,38.71
10068,2026-02-04,Amman,Online,Returning,Home,Air Fryer,4,116.54,73.31,25.0,No,349.62,56.38
10601,2026-02-25,Zarqa,Retail,Returning,Electronics,Power Bank,6,34.59,17.77,5.0,No,197.16,90.54
10338,2026-06-18,Irbid,Wholesale,Returning,Accessories,Phone Case,6,17.54,6.0,10.0,No,94.72,58.72
10346,2026-05-04,Amman,Wholesale,New,Accessories,USB-C Cable,9,12.16,3.06,15.0,No,93.02,65.48
10331,2026-05-29,Irbid,Online,Returning,Electronics,Power Bank,5,35.6,17.73,5.0,No,169.1,80.45
10343,2026-06-21,Irbid,Online,Returning,Electronics,Smart Watch,2,97.87,53.47,5.0,No,185.95,79.01
10545,2026-01-04,Amman,Online,Returning,Home,Coffee Maker,5,83.69,47.22,10.0,No,376.61,140.51
10162,2026-06-12,Amman,Online,New,Electronics,Smart Watch,1,95.12,54.83,10.0,No,85.61,30.78
10540,2026-04-22,Amman,Retail,Returning,Electronics,Smart Watch,4,98.73,51.23,10.0,No,355.43,150.51
10002,2026-06-01,Amman,Wholesale,Returning,Home,Air Fryer,8,113.38,73.75,10.0,No,816.34,226.34
10308,2026-06-24,Zarqa,Wholesale,New,Electronics,Power Bank,7,35.93,18.15,10.0,No,226.36,99.31
10514,2026-02-14,Irbid,Retail,Returning,Accessories,USB-C Cable,5,12.1,3.12,5.0,No,57.47,41.87
10228,2026-04-28,Irbid,Online,New,Home,Air Fryer,1,115.75,72.17,15.0,Yes,11.81,-60.36
10508,2026-06-17,Zarqa,Online,Returning,Electronics,Power Bank,1,35.98,19.04,15.0,No,30.58,11.54
10631,2026-04-12,Zarqa,Online,Returning,Electronics,Power Bank,2,36.24,18.0,5.0,No,68.86,32.86
10353,2026-01-05,Amman,Online,Returning,Accessories,USB-C Cable,4,12.17,2.98,10.0,No,43.81,31.89
10296,2026-04-22,Zarqa,Retail,New,Electronics,Smart Watch,3,97.87,54.38,0.0,No,293.61,130.47
10531,2026-03-03,Amman,Online,Returning,Accessories,Backpack,1,44.07,21.7,0.0,No,44.07,22.37
10006,2026-03-21,Irbid,Online,New,Electronics,Power Bank,5,34.44,17.65,0.0,No,172.2,83.95
10304,2026-03-27,Irbid,Online,Returning,Home,Coffee Maker,2,83.87,49.62,15.0,No,142.58,43.34
10207,2026-04-27,Irbid,Online,Returning,Home,Coffee Maker,5,85.24,50.73,25.0,No,319.65,66.0
10221,2026-03-20,Aqaba,Online,Returning,Electronics,Smart Watch,4,97.22,55.0,0.0,No,388.88,168.88
10154,2026-01-13,Amman,Wholesale,New,Electronics,Power Bank,10,35.64,17.88,10.0,No,320.76,141.96
10065,2026-05-24,Amman,Online,Returning,Accessories,Backpack,6,46.07,23.06,25.0,No,207.32,68.96
10282,2026-06-01,Irbid,Online,Returning,Accessories,Backpack,6,46.56,23.12,15.0,No,237.46,98.74
10435,2026-01-06,Aqaba,Retail,Returning,Home,Blender,4,60.17,34.11,10.0,No,216.61,80.17
10571,2026-06-16,Zarqa,Online,New,Accessories,Backpack,4,46.33,21.64,5.0,No,176.05,89.49
10009,2026-06-27,Amman,Wholesale,New,Electronics,Smart Watch,7,94.1,53.71,5.0,No,625.76,249.79
10034,2026-05-05,Irbid,Wholesale,Returning,Electronics,Wireless Earbuds,7,55.82,29.18,15.0,No,332.13,127.87
10584,2026-01-08,Amman,Wholesale,New,Electronics,Power Bank,8,36.14,18.04,10.0,No,260.21,115.89
10122,2026-01-05,Aqaba,Wholesale,New,Accessories,Phone Case,8,17.88,6.0,15.0,No,121.58,73.58
10323,2026-05-18,Zarqa,Online,New,Electronics,Smart Watch,1,95.02,54.35,10.0,No,85.52,31.17
10511,2026-02-09,Irbid,Online,Returning,Accessories,Phone Case,5,17.62,6.07,10.0,No,79.29,48.94
10182,2026-05-04,Aqaba,Online,Returning,Accessories,USB-C Cable,5,12.45,3.0,10.0,No,56.02,41.02
10336,2026-01-29,Aqaba,Online,Returning,Electronics,Smart Watch,2,94.28,52.14,10.0,No,169.7,65.42
10410,2026-02-15,Zarqa,Online,Returning,Electronics,Power Bank,1,35.65,18.17,10.0,No,32.09,13.91
10064,2026-06-14,Zarqa,Retail,New,Electronics,Power Bank,2,35.51,18.57,20.0,No,56.82,19.68
10113,2026-04-26,Amman,Wholesale,Returning,Accessories,Phone Case,6,18.71,6.01,0.0,No,112.26,76.2
10161,2026-04-24,Irbid,Retail,Returning,Electronics,Smart Watch,6,96.84,52.97,25.0,No,435.78,117.96
10640,2026-01-13,Zarqa,Online,Returning,Home,Coffee Maker,5,86.16,47.91,5.0,No,409.26,169.71
10417,2026-06-09,Zarqa,Online,New,Home,Blender,6,60.6,34.08,25.0,Yes,32.72,-171.76
10287,2026-04-06,Aqaba,Retail,Returning,Electronics,Wireless Earbuds,1,55.31,28.58,0.0,No,55.31,26.73
10389,2026-01-20,Amman,Retail,New,Home,Blender,6,61.65,34.85,20.0,No,295.92,86.82
10484,2026-03-26,Amman,Retail,Returning,Accessories,Backpack,4,46.22,22.96,10.0,No,166.39,74.55
10236,2026-03-12,Amman,Online,Returning,Home,Air Fryer,2,113.67,72.61,15.0,No,193.24,48.02
10326,2026-01-04,Amman,Online,New,Electronics,Wireless Earbuds,1,55.39,27.44,10.0,No,49.85,22.41
10134,2026-03-16,Amman,Retail,New,Electronics,Smart Watch,5,93.32,54.38,0.0,No,466.6,194.7
10385,2026-04-05,Amman,Online,Returning,Home,Blender,2,62.09,33.52,10.0,No,111.76,44.72
10465,2026-01-28,Amman,Retail,Returning,Electronics,Smart Watch,3,94.11,53.7,20.0,No,225.86,64.76
10138,2026-01-29,Amman,Retail,New,Home,Blender,3,58.48,33.32,15.0,No,149.12,49.16
10029,2026-05-25,Amman,Online,Returning,Electronics,Smart Watch,4,93.8,51.94,25.0,No,281.4,73.64
10469,2026-04-04,Irbid,Retail,Returning,Accessories,USB-C Cable,1,11.66,3.06,10.0,No,10.49,7.43
10272,2026-06-25,Amman,Online,Returning,Electronics,Power Bank,4,36.14,18.8,25.0,No,108.42,33.22
10241,2026-06-15,Amman,Online,New,Home,Blender,2,61.38,36.02,5.0,No,116.62,44.58
10476,2026-06-21,Amman,Retail,Returning,Home,Air Fryer,4,115.73,71.24,5.0,No,439.77,154.81
10249,2026-01-21,Irbid,Online,Returning,Electronics,Power Bank,2,34.24,18.99,15.0,No,58.21,20.23
10187,2026-01-24,Amman,Online,New,Electronics,Smart Watch,2,97.49,52.07,20.0,No,155.98,51.84
10292,2026-02-17,Irbid,Online,Returning,Accessories,Backpack,3,43.89,21.9,20.0,Yes,12.64,-53.06
10081,2026-06-05,Aqaba,Retail,Returning,Home,Air Fryer,5,113.04,73.8,15.0,No,480.42,111.42
10310,2026-03-13,Amman,Online,Returning,Accessories,Phone Case,2,18.35,6.16,10.0,No,33.03,20.71
10561,2026-04-24,Irbid,Retail,New,Home,Blender,6,60.7,36.0,0.0,No,364.2,148.2
10483,2026-03-24,Irbid,Online,New,Home,Air Fryer,4,113.8,76.08,25.0,No,341.4,37.08
10051,2026-05-15,Amman,Online,Returning,Home,Air Fryer,6,116.51,70.8,15.0,No,594.2,169.4
10455,2026-01-12,Amman,Online,Returning,Home,Air Fryer,2,119.03,70.81,0.0,No,238.06,96.44
10275,2026-06-18,Aqaba,Retail,New,Electronics,Wireless Earbuds,5,56.27,29.3,15.0,No,239.15,92.65
10487,2026-06-30,Aqaba,Retail,New,Electronics,Smart Watch,2,96.07,54.33,0.0,No,192.14,83.48
10185,2026-01-29,Amman,Online,New,Home,Blender,3,60.9,35.2,20.0,No,146.16,40.56
10316,2026-02-26,Irbid,Retail,Returning,Electronics,Smart Watch,4,97.71,51.27,5.0,No,371.3,166.22
10597,2026-05-26,Amman,Retail,Returning,Home,Blender,1,59.75,33.46,20.0,No,47.8,14.34
10239,2026-03-17,Aqaba,Online,New,Accessories,Backpack,1,44.21,22.64,10.0,Yes,4.77,-17.87
10305,2026-03-29,Aqaba,Online,Returning,Home,Air Fryer,2,112.89,75.28,20.0,Yes,21.67,-128.89
10123,2026-03-30,Aqaba,Wholesale,Returning,Electronics,Wireless Earbuds,10,55.2,28.46,15.0,No,469.2,184.6
10234,2026-03-27,Zarqa,Online,Returning,Electronics,Wireless Earbuds,6,57.09,28.02,10.0,No,308.29,140.17
10254,2026-06-19,Zarqa,Online,New,Home,Blender,3,59.03,34.03,10.0,No,159.38,57.29
10429,2026-04-01,Amman,Retail,Returning,Accessories,Backpack,4,46.59,21.96,20.0,No,149.09,61.25
10448,2026-04-28,Zarqa,Online,Returning,Electronics,Power Bank,2,34.67,18.25,10.0,No,62.41,25.91
10623,2026-01-06,Aqaba,Wholesale,,Accessories,Phone Case,7,17.85,6.2,15.0,No,106.21,62.81
10203,2026-06-22,Irbid,Online,Returning,Accessories,Backpack,2,46.52,22.08,15.0,No,79.08,34.92
10512,2026-04-22,Amman,Retail,New,Accessories,Backpack,4,46.41,21.77,10.0,No,167.08,80.0
10611,2026-02-06,Irbid,Retail,New,Electronics,Smart Watch,2,92.72,51.75,15.0,No,157.62,54.12
10420,2026-04-09,Amman,Online,Returning,Electronics,Wireless Earbuds,2,53.58,27.78,20.0,No,85.73,30.17
10121,2026-05-07,Amman,Wholesale,New,Home,Blender,9,61.88,34.98,10.0,No,501.23,186.41
10369,2026-02-24,Aqaba,Retail,New,Home,Air Fryer,6,118.02,71.14,0.0,No,708.12,281.28
10049,2026-06-27,Amman,Wholesale,New,Accessories,Phone Case,10,18.43,6.22,20.0,No,147.44,85.24
10208,2026-03-29,Amman,Online,New,Home,Coffee Maker,1,87.03,49.86,10.0,Yes,9.4,-40.46
